name,date,time,price,kind,source
삼성스팩13호,2026-01-21,09:03,4960,보도가,https://www.seoulwire.com/news/articleView.html?idxno=702628
신한제17호스팩,2026-04-01,09:11,5790,보도가,https://view.asiae.co.kr/article/2026040109153087426
신한제17호스팩,2026-04-01,,6450,고가,https://www.mt.co.kr/stock/2026/04/01/2026040109405411804
교보20호스팩,2026-04-02,09:19,4125,보도가,https://v.daum.net/v/20260402095005824
교보20호스팩,2026-04-02,10:12,3265,보도가,https://www.ajunews.com/view/20260402101320646
키움히어로제2호스팩,2026-04-23,09:33,5640,보도가,https://v.daum.net/v/bnlk5Nu5jj
신한제18호스팩,2026-04-30,09:00,6070,시초가,https://www.thinkpool.com/item/0129K0/trend/analysis (검색 요약🟡)
신한제18호스팩,2026-04-30,09:34,6270,보도가,https://www.businesspost.co.kr/BP?command=article_view&num=436881
대신밸런스제20호스팩,2026-06-05,09:07,6260,보도가,https://news.nate.com/view/20260605n06867
대신밸런스제20호스팩,2026-06-05,09:23,5710,보도가,https://www.edaily.co.kr/News/Read?newsId=03293126645478768&mediaCodeNo=257
대신밸런스제20호스팩,2026-06-05,,6710,고가(장초반),https://www.ajunews.com/view/20260605135445588
대신밸런스제20호스팩,2026-06-05,13:42,3735,보도가,https://www.ajunews.com/view/20260605135445588
메리츠제2호스팩,2026-06-19,15:30,1970,종가,https://www.newswell.co.kr/news/articleView.html?idxno=19630
한국제16호스팩,2026-06-30,09:14,3880,보도가,https://edaily.co.kr/News/Read?mediaCodeNo=257&newsId=03194726645486968
한국제16호스팩,2026-06-30,09:24,4567,보도가,https://v.daum.net/v/20260630093201103
한국제16호스팩,2026-06-30,,4960,고가,https://edaily.co.kr/News/Read?mediaCodeNo=257&newsId=03194726645486968
엔에이치스팩34호,2026-09-10,09:00,4000,시초가,https://www.fnnews.com/news/202609101349058833
엔에이치스팩34호,2026-09-10,,5700,고가(오전),https://www.fnnews.com/news/202609101349058833
엔에이치스팩34호,2026-09-10,,3425,저가(오후),https://www.fnnews.com/news/202609101349058833
엔에이치스팩34호,2026-09-10,13:55,4395,보도가,https://www.fnnews.com/news/202609101349058833
엔에이치스팩34호,2026-09-10,14:27,4125,보도가,https://www.ajunews.com/view/20260910142457071
케이비제34호스팩,2026-09-22,09:15,3880,보도가,https://www.ajunews.com/view/20260922091800089
케이비제34호스팩,2026-09-22,,4580,고가,https://www.hankyung.com/article/2026092217581
한국제17호스팩,2026-09-22,09:15,4585,보도가,https://www.job-post.co.kr/news/articleView.html?idxno=228818
한국제17호스팩,2026-09-22,10:08,4885,내 매도,사용자 실제 매도
한국제17호스팩,2026-09-22,14:25,3665,보도가,https://www.job-post.co.kr/news/articleView.html?idxno=228818
한국제17호스팩,2026-09-22,,5220,고가,https://www.hankyung.com/article/2026092217581
한국제17호스팩,2026-09-22,15:30,2155,종가,https://www.ajunews.com/view/20260922091800089 ; https://www.hankyung.com/article/2026092217581
