name,code,listing_date,trust_rate,price,price_date,status,note,source
한국제17호스팩,0200G0,2026-09-22,,2155,2026-09-22,,상장일 종가,https://www.newsway.co.kr/news/view?ud=2026092310343280045
엔에이치스팩34호,0197V0,2026-09-10,,,,,,https://www.chickstockfi.com/stocks/0197V0
케이비제34호스팩,,2026-09-22,,1914,2026-09-22,,상장일 종가,https://www.newsway.co.kr/news/view?ud=2026092310343280045
한국제16호스팩,0164H0,2026-06-30,,,,,,https://www.chickstockfi.com/stocks/0164H0
메리츠제2호스팩,,2026-06-19,,,,,,
대신밸런스제20호스팩,0134X0,2026-06-05,,,,,,https://www.chickstockfi.com/stocks/0134X0
신한제18호스팩,0129K0,2026-04-30,,,,,,https://www.chickstockfi.com/stocks/0129K0
키움히어로제2호스팩,0131D0,2026-04-23,,,,,,https://www.chickstockfi.com/stocks/0131D0
교보20호스팩,0132G0,2026-04-02,,2005,2026-04-06,,상장 4일 뒤 종가(오래된 값),https://www.chickstockfi.com/stocks/0132G0
신한제17호스팩,,2026-04-01,,,,,,
삼성스팩13호,0115H0,2026-01-21,,,,,,https://www.chickstockfi.com/stocks/0115H0
삼성스팩12호,0096B0,,,,,,,https://www.chickstockfi.com/stocks/0096B0
